{"cameraMode":{"drawMode":0,"name":"Shaded","section":"Shading Mode"},"sceneLighting":true,"audioPlay":false,"sceneViewState":{"showFog":true,"showMaterialUpdate":false,"showSkybox":true,"showFlares":true,"showImageEffects":true,"showParticleSystems":true},"in2DMode":false,"pivot":{"x":26.062528610229493,"y":-60.556644439697269,"z":103.94390106201172},"rotation":{"x":0.27843838930130007,"y":0.031671080738306048,"z":-0.009229776449501515,"w":0.9599516987800598},"size":159.43626403808595,"orthographic":false}