{"cameraMode":{"drawMode":0,"name":"Shaded","section":"Shading Mode"},"sceneLighting":false,"audioPlay":false,"sceneViewState":{"showFog":true,"showMaterialUpdate":false,"showSkybox":true,"showFlares":true,"showImageEffects":true,"showParticleSystems":true},"in2DMode":false,"pivot":{"x":4.448309898376465,"y":26.909420013427736,"z":-28.506587982177736},"rotation":{"x":0.32220664620399477,"y":-0.18583041429519654,"z":0.0645904392004013,"w":0.926091730594635},"size":10.467485427856446,"orthographic":false}