{"cameraMode":{"drawMode":0,"name":"Shaded","section":"Shading Mode"},"sceneLighting":true,"audioPlay":false,"sceneViewState":{"showFog":true,"showMaterialUpdate":false,"showSkybox":true,"showFlares":true,"showImageEffects":true,"showParticleSystems":true},"in2DMode":false,"pivot":{"x":-158.65467834472657,"y":-315.64599609375,"z":401.1261291503906},"rotation":{"x":0.30958104133605959,"y":-0.20745866000652314,"z":0.06938382238149643,"w":0.9254770278930664},"size":579.2344360351563,"orthographic":false}