{"cameraMode":{"drawMode":0,"name":"Shaded","section":"Shading Mode"},"sceneLighting":false,"audioPlay":false,"sceneViewState":{"showFog":true,"showMaterialUpdate":false,"showSkybox":true,"showFlares":true,"showImageEffects":true,"showParticleSystems":true},"in2DMode":false,"pivot":{"x":-4.125100612640381,"y":13.389078140258789,"z":-16.873783111572267},"rotation":{"x":0.32680100202560427,"y":-0.04679025709629059,"z":0.01613428257405758,"w":0.9438826441764832},"size":2.8578836917877199,"orthographic":false}