{"cameraMode":{"drawMode":0,"name":"Shaded","section":"Shading Mode"},"sceneLighting":true,"audioPlay":false,"sceneViewState":{"showFog":true,"showMaterialUpdate":false,"showSkybox":true,"showFlares":true,"showImageEffects":true,"showParticleSystems":true},"in2DMode":false,"pivot":{"x":22.818618774414064,"y":-33.694740295410159,"z":32.63175964355469},"rotation":{"x":0.43240705132484438,"y":0.0243209358304739,"z":-0.01170458272099495,"w":0.9013358354568481},"size":126.0274887084961,"orthographic":false}