{"cameraMode":{"drawMode":0,"name":"Shaded","section":"Shading Mode"},"sceneLighting":false,"audioPlay":false,"sceneViewState":{"showFog":true,"showMaterialUpdate":false,"showSkybox":true,"showFlares":true,"showImageEffects":true,"showParticleSystems":true},"in2DMode":false,"pivot":{"x":19.64663314819336,"y":11.364372253417969,"z":-2.096991539001465},"rotation":{"x":0.0928654819726944,"y":-0.6610225439071655,"z":0.08291569352149964,"w":0.7401021718978882},"size":31.611572265625,"orthographic":false}