{"cameraMode":{"drawMode":0,"name":"Shaded","section":"Shading Mode"},"sceneLighting":false,"audioPlay":false,"sceneViewState":{"showFog":true,"showMaterialUpdate":false,"showSkybox":true,"showFlares":true,"showImageEffects":true,"showParticleSystems":true},"in2DMode":false,"pivot":{"x":-33.724979400634769,"y":3.9202404022216799,"z":-42.75612258911133},"rotation":{"x":0.2745107114315033,"y":-0.26671895384788515,"z":0.07952927052974701,"w":0.920547366142273},"size":16.031356811523439,"orthographic":false}