{"cameraMode":{"drawMode":0,"name":"Shaded","section":"Shading Mode"},"sceneLighting":false,"audioPlay":false,"sceneViewState":{"showFog":true,"showMaterialUpdate":false,"showSkybox":true,"showFlares":true,"showImageEffects":true,"showParticleSystems":true},"in2DMode":false,"pivot":{"x":-85.57730102539063,"y":-6.75,"z":-121.00553894042969},"rotation":{"x":0.02341793105006218,"y":-0.42132580280303957,"z":0.010842150077223778,"w":0.9066523909568787},"size":25.681230545043947,"orthographic":false}