{"cameraMode":{"drawMode":0,"name":"Shaded","section":"Shading Mode"},"sceneLighting":false,"audioPlay":false,"sceneViewState":{"showFog":true,"showMaterialUpdate":false,"showSkybox":true,"showFlares":true,"showImageEffects":true,"showParticleSystems":true},"in2DMode":false,"pivot":{"x":-8.017694473266602,"y":-63.4848747253418,"z":37.47154998779297},"rotation":{"x":-0.48069342970848086,"y":0.0625540092587471,"z":-0.03433544188737869,"w":-0.8740472793579102},"size":103.92170715332031,"orthographic":false}