{"cameraMode":{"drawMode":0,"name":"Shaded","section":"Shading Mode"},"sceneLighting":false,"audioPlay":false,"sceneViewState":{"showFog":true,"showMaterialUpdate":false,"showSkybox":true,"showFlares":true,"showImageEffects":true,"showParticleSystems":true},"in2DMode":false,"pivot":{"x":30.47802734375,"y":-35.0711784362793,"z":40.10694885253906},"rotation":{"x":-0.28967323899269106,"y":-0.24945466220378877,"z":0.0785357803106308,"w":-0.9207691550254822},"size":109.74701690673828,"orthographic":false}